,CHROM,BIN_START,BIN_END,N_VARIANTS,PI,Name
1,Chromosome1(NC_044371.1),780001,790000,1,8.18E-06,Landrace
2,Chromosome1(NC_044371.1),2270001,2280000,1,7.84E-07,Landrace
3,Chromosome1(NC_044371.1),5700001,5710000,3,7.52E-05,Landrace
4,Chromosome1(NC_044371.1),6950001,6960000,2,8.90E-07,Landrace
5,Chromosome1(NC_044371.1),8420001,8430000,3,2.39E-05,Landrace
6,Chromosome1(NC_044371.1),8620001,8630000,1,2.17E-05,Landrace
7,Chromosome1(NC_044371.1),14080001,14090000,1,2.39E-06,Landrace
8,Chromosome1(NC_044371.1),22640001,22650000,5,1.24E-05,Landrace
9,Chromosome1(NC_044371.1),23420001,23430000,2,1.15E-05,Landrace
10,Chromosome1(NC_044371.1),27160001,27170000,1,1.50E-05,Landrace
11,Chromosome1(NC_044371.1),31010001,31020000,1,1.22E-06,Landrace
12,Chromosome1(NC_044371.1),35390001,35400000,1,8.96E-07,Landrace
13,Chromosome1(NC_044371.1),55960001,55970000,1,2.37E-05,Landrace
14,Chromosome1(NC_044371.1),62570001,62580000,1,1.34E-06,Landrace
15,Chromosome1(NC_044371.1),63500001,63510000,2,2.27E-06,Landrace
16,Chromosome1(NC_044371.1),65130001,65140000,1,6.88E-07,Landrace
17,Chromosome1(NC_044371.1),65230001,65240000,1,2.13E-05,Landrace
18,Chromosome1(NC_044371.1),79630001,79640000,2,2.36E-06,Landrace
19,Chromosome1(NC_044371.1),81920001,81930000,2,2.00E-05,Landrace
20,Chromosome1(NC_044371.1),82800001,82810000,3,4.31E-06,Landrace
21,Chromosome1(NC_044371.1),84560001,84570000,1,2.45E-05,Landrace
22,Chromosome1(NC_044371.1),85130001,85140000,2,3.95E-06,Landrace
23,Chromosome1(NC_044371.1),85580001,85590000,1,5.14E-07,Landrace
24,Chromosome1(NC_044371.1),85590001,85600000,2,4.07E-05,Landrace
25,Chromosome1(NC_044371.1),86240001,86250000,1,1.11E-06,Landrace
26,Chromosome1(NC_044371.1),88290001,88300000,1,1.22E-06,Landrace
27,Chromosome1(NC_044371.1),88430001,88440000,1,1.76E-06,Landrace
28,Chromosome1(NC_044371.1),88820001,88830000,1,3.88E-06,Landrace
29,Chromosome1(NC_044371.1),89350001,89360000,1,5.23E-07,Landrace
30,Chromosome1(NC_044371.1),90190001,90200000,1,4.45E-07,Landrace
31,Chromosome1(NC_044371.1),98470001,98480000,1,5.23E-07,Landrace
32,Chromosome1(NC_044371.1),98900001,98910000,1,1.22E-06,Landrace
33,Chromosome1(NC_044371.1),99910001,99920000,2,5.95E-06,Landrace
34,Chromosome2(NC_044375.1),2010001,2020000,1,1.17E-05,Landrace
35,Chromosome2(NC_044375.1),4860001,4870000,1,1.68E-05,Landrace
36,Chromosome2(NC_044375.1),5040001,5050000,1,5.24E-06,Landrace
37,Chromosome2(NC_044375.1),6530001,6540000,1,1.79E-06,Landrace
38,Chromosome2(NC_044375.1),7010001,7020000,1,1.22E-06,Landrace
39,Chromosome2(NC_044375.1),7070001,7080000,1,7.00E-07,Landrace
40,Chromosome2(NC_044375.1),9950001,9960000,1,1.31E-05,Landrace
41,Chromosome2(NC_044375.1),11680001,11690000,2,4.84E-05,Landrace
42,Chromosome2(NC_044375.1),12770001,12780000,1,1.53E-05,Landrace
43,Chromosome2(NC_044375.1),16130001,16140000,2,3.14E-06,Landrace
44,Chromosome2(NC_044375.1),18060001,18070000,4,5.26E-05,Landrace
45,Chromosome2(NC_044375.1),24520001,24530000,1,2.33E-05,Landrace
46,Chromosome2(NC_044375.1),24910001,24920000,3,7.01E-05,Landrace
47,Chromosome2(NC_044375.1),26570001,26580000,1,8.96E-07,Landrace
48,Chromosome2(NC_044375.1),28060001,28070000,1,7.33E-06,Landrace
49,Chromosome2(NC_044375.1),30750001,30760000,1,6.76E-06,Landrace
50,Chromosome2(NC_044375.1),31750001,31760000,1,9.59E-06,Landrace
51,Chromosome2(NC_044375.1),37850001,37860000,1,1.92E-06,Landrace
52,Chromosome2(NC_044375.1),38060001,38070000,2,4.67E-05,Landrace
53,Chromosome2(NC_044375.1),38090001,38100000,1,7.84E-07,Landrace
54,Chromosome2(NC_044375.1),38670001,38680000,1,1.18E-05,Landrace
55,Chromosome2(NC_044375.1),38850001,38860000,1,2.27E-06,Landrace
56,Chromosome2(NC_044375.1),41420001,41430000,1,5.14E-07,Landrace
57,Chromosome2(NC_044375.1),41630001,41640000,1,2.26E-06,Landrace
58,Chromosome2(NC_044375.1),41750001,41760000,1,1.37E-06,Landrace
59,Chromosome2(NC_044375.1),46250001,46260000,1,1.19E-05,Landrace
60,Chromosome2(NC_044375.1),46640001,46650000,1,2.25E-05,Landrace
61,Chromosome2(NC_044375.1),46970001,46980000,3,2.77E-05,Landrace
62,Chromosome2(NC_044375.1),49640001,49650000,2,3.68E-06,Landrace
63,Chromosome2(NC_044375.1),61470001,61480000,1,1.12E-06,Landrace
64,Chromosome2(NC_044375.1),63180001,63190000,2,1.42E-05,Landrace
65,Chromosome2(NC_044375.1),65610001,65620000,2,3.23E-05,Landrace
66,Chromosome2(NC_044375.1),66820001,66830000,3,5.82E-05,Landrace
67,Chromosome2(NC_044375.1),66930001,66940000,1,1.36E-06,Landrace
68,Chromosome2(NC_044375.1),67710001,67720000,1,1.76E-05,Landrace
69,Chromosome2(NC_044375.1),67760001,67770000,3,4.73E-05,Landrace
70,Chromosome2(NC_044375.1),75220001,75230000,1,1.96E-05,Landrace
71,Chromosome2(NC_044375.1),77960001,77970000,1,5.23E-07,Landrace
72,Chromosome2(NC_044375.1),79880001,79890000,1,1.29E-05,Landrace
73,Chromosome2(NC_044375.1),80760001,80770000,1,2.27E-06,Landrace
74,Chromosome2(NC_044375.1),86790001,86800000,1,1.09E-05,Landrace
75,Chromosome2(NC_044375.1),87210001,87220000,3,1.44E-05,Landrace
76,Chromosome2(NC_044375.1),87270001,87280000,1,8.89E-06,Landrace
77,Chromosome2(NC_044375.1),87330001,87340000,2,1.88E-06,Landrace
78,Chromosome2(NC_044375.1),90490001,90500000,1,1.46E-05,Landrace
79,Chromosome2(NC_044375.1),90510001,90520000,1,1.21E-05,Landrace
80,Chromosome2(NC_044375.1),92750001,92760000,1,7.67E-06,Landrace
81,Chromosome2(NC_044375.1),93690001,93700000,1,3.17E-06,Landrace
82,Chromosome2(NC_044375.1),95860001,95870000,1,4.78E-06,Landrace
83,Chromosome2(NC_044375.1),95980001,95990000,1,6.88E-07,Landrace
84,Chromosome3(NC_044372.1),300001,310000,1,5.98E-07,Landrace
85,Chromosome3(NC_044372.1),480001,490000,1,2.62E-05,Landrace
86,Chromosome3(NC_044372.1),670001,680000,4,7.60E-05,Landrace
87,Chromosome3(NC_044372.1),2270001,2280000,1,1.82E-05,Landrace
88,Chromosome3(NC_044372.1),3770001,3780000,1,1.24E-06,Landrace
89,Chromosome3(NC_044372.1),8200001,8210000,1,1.50E-06,Landrace
90,Chromosome3(NC_044372.1),8670001,8680000,2,2.15E-05,Landrace
91,Chromosome3(NC_044372.1),9750001,9760000,3,1.65E-05,Landrace
92,Chromosome3(NC_044372.1),10620001,10630000,1,3.55E-06,Landrace
93,Chromosome3(NC_044372.1),10740001,10750000,3,2.30E-06,Landrace
94,Chromosome3(NC_044372.1),11420001,11430000,3,5.00E-06,Landrace
95,Chromosome3(NC_044372.1),13100001,13110000,1,1.09E-05,Landrace
96,Chromosome3(NC_044372.1),14730001,14740000,1,5.14E-07,Landrace
97,Chromosome3(NC_044372.1),14860001,14870000,1,1.74E-06,Landrace
98,Chromosome3(NC_044372.1),20430001,20440000,1,1.34E-06,Landrace
99,Chromosome3(NC_044372.1),20490001,20500000,1,1.93E-06,Landrace
100,Chromosome3(NC_044372.1),20530001,20540000,1,4.23E-06,Landrace
101,Chromosome3(NC_044372.1),20820001,20830000,1,1.22E-06,Landrace
102,Chromosome3(NC_044372.1),22340001,22350000,1,2.26E-06,Landrace
103,Chromosome3(NC_044372.1),27580001,27590000,4,1.88E-05,Landrace
104,Chromosome3(NC_044372.1),29860001,29870000,1,2.99E-06,Landrace
105,Chromosome3(NC_044372.1),30140001,30150000,1,1.01E-06,Landrace
106,Chromosome3(NC_044372.1),36190001,36200000,1,1.34E-06,Landrace
107,Chromosome3(NC_044372.1),36940001,36950000,1,1.24E-06,Landrace
108,Chromosome3(NC_044372.1),40050001,40060000,1,1.55E-05,Landrace
109,Chromosome3(NC_044372.1),40860001,40870000,4,5.39E-05,Landrace
110,Chromosome3(NC_044372.1),46100001,46110000,1,2.52E-05,Landrace
111,Chromosome3(NC_044372.1),50390001,50400000,3,6.86E-06,Landrace
112,Chromosome3(NC_044372.1),53730001,53740000,1,3.52E-06,Landrace
113,Chromosome3(NC_044372.1),55820001,55830000,1,2.04E-05,Landrace
114,Chromosome3(NC_044372.1),56580001,56590000,4,1.21E-05,Landrace
115,Chromosome3(NC_044372.1),64130001,64140000,1,1.01E-06,Landrace
116,Chromosome3(NC_044372.1),64610001,64620000,1,2.79E-06,Landrace
117,Chromosome3(NC_044372.1),65420001,65430000,1,4.45E-07,Landrace
118,Chromosome3(NC_044372.1),69220001,69230000,1,7.84E-07,Landrace
119,Chromosome3(NC_044372.1),70430001,70440000,1,9.80E-07,Landrace
120,Chromosome3(NC_044372.1),72630001,72640000,1,6.97E-07,Landrace
121,Chromosome3(NC_044372.1),78450001,78460000,1,5.23E-07,Landrace
122,Chromosome3(NC_044372.1),80220001,80230000,4,7.51E-06,Landrace
123,Chromosome3(NC_044372.1),81070001,81080000,1,5.14E-07,Landrace
124,Chromosome3(NC_044372.1),83980001,83990000,1,4.36E-07,Landrace
125,Chromosome3(NC_044372.1),83990001,84000000,1,2.75E-06,Landrace
126,Chromosome3(NC_044372.1),93580001,93590000,2,4.20E-06,Landrace
127,Chromosome4(NC_044373.1),4050001,4060000,3,4.58E-06,Landrace
128,Chromosome4(NC_044373.1),5170001,5180000,1,6.33E-06,Landrace
129,Chromosome4(NC_044373.1),6660001,6670000,3,1.63E-05,Landrace
130,Chromosome4(NC_044373.1),10830001,10840000,1,1.36E-06,Landrace
131,Chromosome4(NC_044373.1),11690001,11700000,1,5.14E-07,Landrace
132,Chromosome4(NC_044373.1),15370001,15380000,2,6.61E-06,Landrace
133,Chromosome4(NC_044373.1),15630001,15640000,1,3.14E-06,Landrace
134,Chromosome4(NC_044373.1),16630001,16640000,1,8.96E-07,Landrace
135,Chromosome4(NC_044373.1),22340001,22350000,1,1.78E-06,Landrace
136,Chromosome4(NC_044373.1),24130001,24140000,2,5.37E-06,Landrace
137,Chromosome4(NC_044373.1),26240001,26250000,1,1.20E-05,Landrace
138,Chromosome4(NC_044373.1),29250001,29260000,1,8.63E-06,Landrace
139,Chromosome4(NC_044373.1),32710001,32720000,1,9.74E-06,Landrace
140,Chromosome4(NC_044373.1),32810001,32820000,1,8.86E-06,Landrace
141,Chromosome4(NC_044373.1),34960001,34970000,1,1.12E-06,Landrace
142,Chromosome4(NC_044373.1),38290001,38300000,1,1.37E-06,Landrace
143,Chromosome4(NC_044373.1),38480001,38490000,2,2.02E-06,Landrace
144,Chromosome4(NC_044373.1),46740001,46750000,1,2.79E-05,Landrace
145,Chromosome4(NC_044373.1),47510001,47520000,1,4.45E-07,Landrace
146,Chromosome4(NC_044373.1),47590001,47600000,1,1.36E-06,Landrace
147,Chromosome4(NC_044373.1),50110001,50120000,6,3.60E-05,Landrace
148,Chromosome4(NC_044373.1),54400001,54410000,1,1.11E-06,Landrace
149,Chromosome4(NC_044373.1),54410001,54420000,1,1.76E-06,Landrace
150,Chromosome4(NC_044373.1),54480001,54490000,1,4.45E-07,Landrace
151,Chromosome4(NC_044373.1),58760001,58770000,2,2.71E-06,Landrace
152,Chromosome4(NC_044373.1),60520001,60530000,3,2.10E-05,Landrace
153,Chromosome4(NC_044373.1),65410001,65420000,2,7.99E-06,Landrace
154,Chromosome4(NC_044373.1),67490001,67500000,2,4.23E-05,Landrace
155,Chromosome4(NC_044373.1),73520001,73530000,1,1.08E-05,Landrace
156,Chromosome4(NC_044373.1),76020001,76030000,2,2.60E-06,Landrace
157,Chromosome4(NC_044373.1),76620001,76630000,3,1.16E-05,Landrace
158,Chromosome4(NC_044373.1),79240001,79250000,2,2.80E-05,Landrace
159,Chromosome4(NC_044373.1),80100001,80110000,3,6.39E-06,Landrace
160,Chromosome4(NC_044373.1),82320001,82330000,1,1.78E-06,Landrace
161,Chromosome4(NC_044373.1),83870001,83880000,1,2.43E-05,Landrace
162,Chromosome4(NC_044373.1),88910001,88920000,1,8.97E-06,Landrace
163,Chromosome4(NC_044373.1),91100001,91110000,1,3.74E-06,Landrace
164,Chromosome4(NC_044373.1),91790001,91800000,1,5.23E-07,Landrace
165,Chromosome5(NC_044374.1),260001,270000,1,8.37E-06,Landrace
166,Chromosome5(NC_044374.1),310001,320000,1,2.00E-05,Landrace
167,Chromosome5(NC_044374.1),1330001,1340000,1,5.91E-06,Landrace
168,Chromosome5(NC_044374.1),1800001,1810000,1,6.10E-07,Landrace
169,Chromosome5(NC_044374.1),1930001,1940000,1,1.37E-05,Landrace
170,Chromosome5(NC_044374.1),2370001,2380000,1,5.26E-07,Landrace
171,Chromosome5(NC_044374.1),3040001,3050000,1,1.16E-05,Landrace
172,Chromosome5(NC_044374.1),3710001,3720000,1,1.12E-06,Landrace
173,Chromosome5(NC_044374.1),4170001,4180000,2,4.58E-05,Landrace
174,Chromosome5(NC_044374.1),4230001,4240000,1,3.34E-06,Landrace
175,Chromosome5(NC_044374.1),9110001,9120000,2,3.14E-05,Landrace
176,Chromosome5(NC_044374.1),10100001,10110000,1,1.39E-05,Landrace
177,Chromosome5(NC_044374.1),12210001,12220000,1,6.76E-06,Landrace
178,Chromosome5(NC_044374.1),13450001,13460000,1,8.96E-07,Landrace
179,Chromosome5(NC_044374.1),20920001,20930000,1,2.75E-06,Landrace
180,Chromosome5(NC_044374.1),29110001,29120000,1,6.88E-07,Landrace
181,Chromosome5(NC_044374.1),37670001,37680000,2,2.22E-06,Landrace
182,Chromosome5(NC_044374.1),38110001,38120000,1,4.45E-07,Landrace
183,Chromosome5(NC_044374.1),38850001,38860000,1,2.51E-05,Landrace
184,Chromosome5(NC_044374.1),39020001,39030000,1,7.97E-07,Landrace
185,Chromosome5(NC_044374.1),46280001,46290000,2,1.29E-06,Landrace
186,Chromosome5(NC_044374.1),47910001,47920000,1,3.59E-06,Landrace
187,Chromosome5(NC_044374.1),51040001,51050000,1,5.23E-06,Landrace
188,Chromosome5(NC_044374.1),53040001,53050000,1,1.93E-05,Landrace
189,Chromosome5(NC_044374.1),61430001,61440000,1,5.23E-07,Landrace
190,Chromosome5(NC_044374.1),62170001,62180000,1,8.11E-06,Landrace
191,Chromosome5(NC_044374.1),63710001,63720000,1,9.96E-07,Landrace
192,Chromosome5(NC_044374.1),64030001,64040000,1,3.96E-06,Landrace
193,Chromosome5(NC_044374.1),66010001,66020000,1,4.45E-07,Landrace
194,Chromosome5(NC_044374.1),66150001,66160000,2,7.56E-07,Landrace
195,Chromosome5(NC_044374.1),74930001,74940000,1,1.10E-06,Landrace
196,Chromosome5(NC_044374.1),75690001,75700000,2,5.23E-06,Landrace
197,Chromosome5(NC_044374.1),77690001,77700000,2,1.51E-05,Landrace
198,Chromosome5(NC_044374.1),81070001,81080000,1,1.37E-05,Landrace
199,Chromosome5(NC_044374.1),81610001,81620000,1,1.11E-06,Landrace
200,Chromosome5(NC_044374.1),83960001,83970000,1,1.96E-05,Landrace
201,Chromosome5(NC_044374.1),85590001,85600000,1,5.23E-07,Landrace
202,Chromosome5(NC_044374.1),85740001,85750000,1,2.11E-05,Landrace
203,Chromosome5(NC_044374.1),86840001,86850000,1,7.98E-06,Landrace
204,Chromosome6(NC_044377.1),530001,540000,1,1.10E-06,Landrace
205,Chromosome6(NC_044377.1),2230001,2240000,3,5.11E-05,Landrace
206,Chromosome6(NC_044377.1),4190001,4200000,2,1.94E-05,Landrace
207,Chromosome6(NC_044377.1),6760001,6770000,1,9.50E-06,Landrace
208,Chromosome6(NC_044377.1),8860001,8870000,1,6.88E-07,Landrace
209,Chromosome6(NC_044377.1),9170001,9180000,1,1.05E-05,Landrace
210,Chromosome6(NC_044377.1),9470001,9480000,1,1.01E-06,Landrace
211,Chromosome6(NC_044377.1),18640001,18650000,1,3.88E-06,Landrace
212,Chromosome6(NC_044377.1),19080001,19090000,1,2.47E-05,Landrace
213,Chromosome6(NC_044377.1),20200001,20210000,1,2.06E-05,Landrace
214,Chromosome6(NC_044377.1),24410001,24420000,3,7.01E-06,Landrace
215,Chromosome6(NC_044377.1),30860001,30870000,4,2.56E-05,Landrace
216,Chromosome6(NC_044377.1),35750001,35760000,4,7.36E-05,Landrace
217,Chromosome6(NC_044377.1),39770001,39780000,1,2.39E-06,Landrace
218,Chromosome6(NC_044377.1),44240001,44250000,1,6.62E-06,Landrace
219,Chromosome6(NC_044377.1),47410001,47420000,1,1.23E-06,Landrace
220,Chromosome6(NC_044377.1),50440001,50450000,1,1.63E-06,Landrace
221,Chromosome6(NC_044377.1),50790001,50800000,3,2.69E-05,Landrace
222,Chromosome6(NC_044377.1),53220001,53230000,1,1.44E-05,Landrace
223,Chromosome6(NC_044377.1),55890001,55900000,1,8.87E-07,Landrace
224,Chromosome6(NC_044377.1),57250001,57260000,1,5.03E-06,Landrace
225,Chromosome6(NC_044377.1),59780001,59790000,1,1.63E-06,Landrace
226,Chromosome6(NC_044377.1),63800001,63810000,1,5.98E-07,Landrace
227,Chromosome6(NC_044377.1),64950001,64960000,3,1.71E-05,Landrace
228,Chromosome6(NC_044377.1),66110001,66120000,2,1.03E-06,Landrace
229,Chromosome6(NC_044377.1),66750001,66760000,1,2.00E-05,Landrace
230,Chromosome6(NC_044377.1),68140001,68150000,1,1.64E-06,Landrace
231,Chromosome6(NC_044377.1),68230001,68240000,1,1.67E-05,Landrace
232,Chromosome6(NC_044377.1),70670001,70680000,2,7.96E-06,Landrace
233,Chromosome6(NC_044377.1),71460001,71470000,3,9.10E-06,Landrace
234,Chromosome6(NC_044377.1),72210001,72220000,1,6.88E-07,Landrace
235,Chromosome6(NC_044377.1),72700001,72710000,1,2.19E-05,Landrace
236,Chromosome6(NC_044377.1),72930001,72940000,1,2.57E-06,Landrace
237,Chromosome6(NC_044377.1),73040001,73050000,2,1.38E-06,Landrace
238,Chromosome6(NC_044377.1),73380001,73390000,1,2.05E-06,Landrace
239,Chromosome6(NC_044377.1),76450001,76460000,1,5.14E-07,Landrace
240,Chromosome6(NC_044377.1),77500001,77510000,1,1.10E-06,Landrace
241,Chromosome7(NC_044378.1),2810001,2820000,1,5.91E-06,Landrace
242,Chromosome7(NC_044378.1),8410001,8420000,1,5.98E-07,Landrace
243,Chromosome7(NC_044378.1),8700001,8710000,1,1.79E-05,Landrace
244,Chromosome7(NC_044378.1),9400001,9410000,1,1.88E-05,Landrace
245,Chromosome7(NC_044378.1),9940001,9950000,3,1.42E-05,Landrace
246,Chromosome7(NC_044378.1),10270001,10280000,1,9.96E-07,Landrace
247,Chromosome7(NC_044378.1),11350001,11360000,1,5.98E-07,Landrace
248,Chromosome7(NC_044378.1),12480001,12490000,1,5.98E-07,Landrace
249,Chromosome7(NC_044378.1),19940001,19950000,1,5.14E-07,Landrace
250,Chromosome7(NC_044378.1),21450001,21460000,1,1.12E-06,Landrace
251,Chromosome7(NC_044378.1),21460001,21470000,1,1.20E-05,Landrace
252,Chromosome7(NC_044378.1),21740001,21750000,1,1.42E-05,Landrace
253,Chromosome7(NC_044378.1),23800001,23810000,1,2.67E-05,Landrace
254,Chromosome7(NC_044378.1),25680001,25690000,1,2.09E-05,Landrace
255,Chromosome7(NC_044378.1),29760001,29770000,1,4.48E-07,Landrace
256,Chromosome7(NC_044378.1),31180001,31190000,1,3.70E-06,Landrace
257,Chromosome7(NC_044378.1),34600001,34610000,3,2.49E-05,Landrace
258,Chromosome7(NC_044378.1),39000001,39010000,1,5.14E-07,Landrace
259,Chromosome7(NC_044378.1),44130001,44140000,3,1.45E-05,Landrace
260,Chromosome7(NC_044378.1),49200001,49210000,1,8.87E-07,Landrace
261,Chromosome7(NC_044378.1),49590001,49600000,1,1.28E-05,Landrace
262,Chromosome7(NC_044378.1),49630001,49640000,1,8.96E-07,Landrace
263,Chromosome7(NC_044378.1),51940001,51950000,2,3.55E-06,Landrace
264,Chromosome7(NC_044378.1),53370001,53380000,2,1.56E-05,Landrace
265,Chromosome7(NC_044378.1),56140001,56150000,1,4.26E-06,Landrace
266,Chromosome7(NC_044378.1),56210001,56220000,1,7.84E-07,Landrace
267,Chromosome7(NC_044378.1),61700001,61710000,2,5.59E-05,Landrace
268,Chromosome7(NC_044378.1),63070001,63080000,1,1.84E-05,Landrace
269,Chromosome7(NC_044378.1),65480001,65490000,1,1.25E-05,Landrace
270,Chromosome7(NC_044378.1),65930001,65940000,1,1.10E-05,Landrace
271,Chromosome7(NC_044378.1),67210001,67220000,2,3.29E-05,Landrace
272,Chromosome7(NC_044378.1),68450001,68460000,1,3.28E-06,Landrace
273,Chromosome7(NC_044378.1),70240001,70250000,1,1.21E-05,Landrace
274,Chromosome8(NC_044379.1),1980001,1990000,1,1.94E-06,Landrace
275,Chromosome8(NC_044379.1),10810001,10820000,1,5.26E-07,Landrace
276,Chromosome8(NC_044379.1),12670001,12680000,1,2.24E-05,Landrace
277,Chromosome8(NC_044379.1),25660001,25670000,4,5.77E-05,Landrace
278,Chromosome8(NC_044379.1),26760001,26770000,1,5.14E-07,Landrace
279,Chromosome8(NC_044379.1),27110001,27120000,4,4.48E-05,Landrace
280,Chromosome8(NC_044379.1),28550001,28560000,1,1.01E-06,Landrace
281,Chromosome8(NC_044379.1),31460001,31470000,1,6.92E-06,Landrace
282,Chromosome8(NC_044379.1),31980001,31990000,2,2.18E-05,Landrace
283,Chromosome8(NC_044379.1),32040001,32050000,2,5.42E-06,Landrace
284,Chromosome8(NC_044379.1),32130001,32140000,1,8.25E-06,Landrace
285,Chromosome8(NC_044379.1),32600001,32610000,1,7.84E-07,Landrace
286,Chromosome8(NC_044379.1),32710001,32720000,1,1.78E-06,Landrace
287,Chromosome8(NC_044379.1),40230001,40240000,1,1.36E-06,Landrace
288,Chromosome8(NC_044379.1),40330001,40340000,1,2.41E-06,Landrace
289,Chromosome8(NC_044379.1),41750001,41760000,1,1.56E-05,Landrace
290,Chromosome8(NC_044379.1),41890001,41900000,1,5.14E-07,Landrace
291,Chromosome8(NC_044379.1),41940001,41950000,1,3.08E-07,Landrace
292,Chromosome8(NC_044379.1),42440001,42450000,1,2.20E-05,Landrace
293,Chromosome8(NC_044379.1),42810001,42820000,1,5.03E-06,Landrace
294,Chromosome8(NC_044379.1),42880001,42890000,1,1.37E-05,Landrace
295,Chromosome8(NC_044379.1),46610001,46620000,1,1.25E-05,Landrace
296,Chromosome8(NC_044379.1),47050001,47060000,2,1.85E-05,Landrace
297,Chromosome8(NC_044379.1),47780001,47790000,2,1.04E-06,Landrace
298,Chromosome8(NC_044379.1),48240001,48250000,1,1.10E-06,Landrace
299,Chromosome8(NC_044379.1),49320001,49330000,2,1.57E-06,Landrace
300,Chromosome8(NC_044379.1),49880001,49890000,1,4.45E-07,Landrace
301,Chromosome8(NC_044379.1),50210001,50220000,1,3.70E-06,Landrace
302,Chromosome8(NC_044379.1),51850001,51860000,2,4.83E-05,Landrace
303,Chromosome8(NC_044379.1),52690001,52700000,1,6.39E-06,Landrace
304,Chromosome8(NC_044379.1),53040001,53050000,1,2.53E-05,Landrace
305,Chromosome8(NC_044379.1),53250001,53260000,1,8.37E-06,Landrace
306,Chromosome8(NC_044379.1),53330001,53340000,1,5.23E-07,Landrace
307,Chromosome8(NC_044379.1),53650001,53660000,1,7.84E-07,Landrace
308,Chromosome8(NC_044379.1),55240001,55250000,1,1.11E-06,Landrace
309,Chromosome8(NC_044379.1),55440001,55450000,1,2.75E-06,Landrace
310,Chromosome8(NC_044379.1),55850001,55860000,1,9.86E-06,Landrace
311,Chromosome8(NC_044379.1),56020001,56030000,1,2.24E-06,Landrace
312,Chromosome8(NC_044379.1),56350001,56360000,1,9.96E-07,Landrace
313,Chromosome8(NC_044379.1),56720001,56730000,1,4.34E-06,Landrace
314,Chromosome8(NC_044379.1),57030001,57040000,1,6.92E-06,Landrace
315,Chromosome8(NC_044379.1),58260001,58270000,1,4.18E-06,Landrace
316,Chromosome8(NC_044379.1),60820001,60830000,3,3.08E-05,Landrace
317,Chromosome8(NC_044379.1),61550001,61560000,1,7.84E-07,Landrace
318,Chromosome9(NC_044376.1),1,10000,1,1.34E-06,Landrace
319,Chromosome9(NC_044376.1),20001,30000,1,5.14E-07,Landrace
320,Chromosome9(NC_044376.1),240001,250000,1,4.62E-06,Landrace
321,Chromosome9(NC_044376.1),1030001,1040000,1,5.98E-07,Landrace
322,Chromosome9(NC_044376.1),3240001,3250000,2,1.51E-05,Landrace
323,Chromosome9(NC_044376.1),3620001,3630000,3,1.32E-05,Landrace
324,Chromosome9(NC_044376.1),4400001,4410000,3,1.94E-05,Landrace
325,Chromosome9(NC_044376.1),8200001,8210000,1,8.29E-06,Landrace
326,Chromosome9(NC_044376.1),8430001,8440000,1,4.44E-06,Landrace
327,Chromosome9(NC_044376.1),12970001,12980000,1,2.72E-06,Landrace
328,Chromosome9(NC_044376.1),13260001,13270000,1,6.97E-07,Landrace
329,Chromosome9(NC_044376.1),14840001,14850000,1,1.23E-05,Landrace
330,Chromosome9(NC_044376.1),18530001,18540000,1,6.92E-06,Landrace
331,Chromosome9(NC_044376.1),21950001,21960000,1,7.94E-07,Landrace
332,Chromosome9(NC_044376.1),23070001,23080000,1,5.23E-07,Landrace
333,Chromosome9(NC_044376.1),25280001,25290000,2,1.05E-06,Landrace
334,Chromosome9(NC_044376.1),27270001,27280000,4,7.09E-06,Landrace
335,Chromosome9(NC_044376.1),28520001,28530000,1,2.80E-06,Landrace
336,Chromosome9(NC_044376.1),31840001,31850000,1,5.23E-07,Landrace
337,Chromosome9(NC_044376.1),34900001,34910000,2,1.29E-06,Landrace
338,Chromosome9(NC_044376.1),35550001,35560000,1,7.91E-06,Landrace
339,Chromosome9(NC_044376.1),35560001,35570000,3,1.58E-06,Landrace
340,Chromosome9(NC_044376.1),35600001,35610000,1,9.00E-07,Landrace
341,Chromosome9(NC_044376.1),37100001,37110000,1,8.96E-07,Landrace
342,Chromosome9(NC_044376.1),39110001,39120000,1,1.02E-05,Landrace
343,Chromosome9(NC_044376.1),39770001,39780000,2,1.95E-05,Landrace
344,Chromosome9(NC_044376.1),45880001,45890000,1,3.11E-06,Landrace
345,Chromosome9(NC_044376.1),46140001,46150000,1,5.14E-07,Landrace
346,Chromosome9(NC_044376.1),46830001,46840000,1,1.77E-05,Landrace
347,Chromosome9(NC_044376.1),51580001,51590000,1,6.07E-07,Landrace
348,Chromosome9(NC_044376.1),54500001,54510000,1,2.17E-05,Landrace
349,Chromosome9(NC_044376.1),57330001,57340000,1,1.19E-05,Landrace
350,Chromosome9(NC_044376.1),60530001,60540000,1,5.14E-07,Landrace
351,Chromosome10(NC_044370.1),2040001,2050000,1,2.43E-05,Landrace
352,Chromosome10(NC_044370.1),4540001,4550000,2,3.71E-05,Landrace
353,Chromosome10(NC_044370.1),5380001,5390000,1,6.07E-07,Landrace
354,Chromosome10(NC_044370.1),11210001,11220000,1,4.45E-07,Landrace
355,Chromosome10(NC_044370.1),11230001,11240000,1,7.84E-07,Landrace
356,Chromosome10(NC_044370.1),12060001,12070000,4,2.73E-05,Landrace
357,Chromosome10(NC_044370.1),12570001,12580000,1,4.45E-07,Landrace
358,Chromosome10(NC_044370.1),12900001,12910000,3,1.79E-06,Landrace
359,Chromosome10(NC_044370.1),13360001,13370000,1,4.45E-07,Landrace
360,Chromosome10(NC_044370.1),14150001,14160000,1,2.13E-05,Landrace
361,Chromosome10(NC_044370.1),15470001,15480000,1,1.62E-06,Landrace
362,Chromosome10(NC_044370.1),16910001,16920000,1,6.88E-07,Landrace
363,Chromosome10(NC_044370.1),17490001,17500000,2,2.18E-05,Landrace
364,Chromosome10(NC_044370.1),17830001,17840000,1,1.78E-06,Landrace
365,Chromosome10(NC_044370.1),18120001,18130000,2,2.38E-05,Landrace
366,Chromosome10(NC_044370.1),18280001,18290000,1,1.86E-05,Landrace
367,Chromosome10(NC_044370.1),18320001,18330000,1,3.31E-06,Landrace
368,Chromosome10(NC_044370.1),20360001,20370000,1,2.44E-06,Landrace
369,Chromosome10(NC_044370.1),22760001,22770000,1,1.62E-06,Landrace
370,Chromosome10(NC_044370.1),23190001,23200000,4,4.75E-06,Landrace
371,Chromosome10(NC_044370.1),23430001,23440000,1,1.11E-05,Landrace
372,Chromosome10(NC_044370.1),24460001,24470000,1,9.66E-06,Landrace
373,Chromosome10(NC_044370.1),25140001,25150000,6,1.03E-05,Landrace
374,Chromosome10(NC_044370.1),26710001,26720000,2,1.39E-06,Landrace
375,Chromosome10(NC_044370.1),38890001,38900000,1,2.77E-06,Landrace
376,Chromosome10(NC_044370.1),42540001,42550000,1,7.00E-07,Landrace
377,Chromosome10(NC_044370.1),52360001,52370000,1,5.26E-07,Landrace
378,Chromosome10(NC_044370.1),52530001,52540000,1,1.50E-06,Landrace
379,Chromosome10(NC_044370.1),54480001,54490000,1,5.26E-07,Landrace
380,Chromosome10(NC_044370.1),55020001,55030000,1,6.07E-07,Landrace
381,Chromosome10(NC_044370.1),55520001,55530000,1,4.45E-07,Landrace
382,Chromosome10(NC_044370.1),57730001,57740000,1,6.07E-07,Landrace
383,Chromosome10(NC_044370.1),59010001,59020000,1,2.55E-05,Landrace
384,Chromosome10(NC_044370.1),59190001,59200000,1,5.14E-07,Landrace
385,Chromosome10(NC_044370.1),62590001,62600000,2,1.31E-05,Landrace
386,Chromosome10(NC_044370.1),62700001,62710000,1,4.36E-07,Landrace
387,Chromosome10(NC_044370.1),72000001,72010000,1,1.70E-05,Landrace
388,Chromosome10(NC_044370.1),74440001,74450000,1,2.05E-05,Landrace
389,Chromosome10(NC_044370.1),89130001,89140000,1,2.04E-05,Landrace
390,Chromosome10(NC_044370.1),91910001,91920000,1,6.88E-07,Landrace
391,Chromosome10(NC_044370.1),95160001,95170000,1,1.65E-05,Landrace
392,Chromosome10(NC_044370.1),103590001,103600000,1,5.26E-07,Landrace
393,Chromosome1(NC_044371.1),730001,740000,1,6.52E-07,Domesticates
394,Chromosome1(NC_044371.1),980001,990000,1,2.43E-05,Domesticates
395,Chromosome1(NC_044371.1),1120001,1130000,1,1.63E-05,Domesticates
396,Chromosome1(NC_044371.1),2270001,2280000,1,1.38E-05,Domesticates
397,Chromosome1(NC_044371.1),8420001,8430000,3,1.46E-05,Domesticates
398,Chromosome1(NC_044371.1),11440001,11450000,1,4.84E-06,Domesticates
399,Chromosome1(NC_044371.1),14080001,14090000,1,2.98E-06,Domesticates
400,Chromosome1(NC_044371.1),20720001,20730000,1,2.67E-06,Domesticates
401,Chromosome1(NC_044371.1),21200001,21210000,1,1.01E-06,Domesticates
402,Chromosome1(NC_044371.1),21630001,21640000,1,3.78E-06,Domesticates
403,Chromosome1(NC_044371.1),21640001,21650000,2,1.36E-05,Domesticates
404,Chromosome1(NC_044371.1),22640001,22650000,3,3.38E-06,Domesticates
405,Chromosome1(NC_044371.1),22690001,22700000,1,6.85E-07,Domesticates
406,Chromosome1(NC_044371.1),23420001,23430000,1,1.38E-05,Domesticates
407,Chromosome1(NC_044371.1),23660001,23670000,1,2.63E-05,Domesticates
408,Chromosome1(NC_044371.1),27160001,27170000,1,2.60E-05,Domesticates
409,Chromosome1(NC_044371.1),31010001,31020000,1,1.08E-05,Domesticates
410,Chromosome1(NC_044371.1),38420001,38430000,1,1.42E-06,Domesticates
411,Chromosome1(NC_044371.1),40050001,40060000,1,3.99E-06,Domesticates
412,Chromosome1(NC_044371.1),41620001,41630000,1,1.47E-06,Domesticates
413,Chromosome1(NC_044371.1),42100001,42110000,1,2.82E-05,Domesticates
414,Chromosome1(NC_044371.1),45400001,45410000,1,2.57E-06,Domesticates
415,Chromosome1(NC_044371.1),45420001,45430000,1,4.91E-06,Domesticates
416,Chromosome1(NC_044371.1),47210001,47220000,3,5.90E-05,Domesticates
417,Chromosome1(NC_044371.1),55960001,55970000,1,2.11E-05,Domesticates
418,Chromosome1(NC_044371.1),62570001,62580000,1,6.42E-06,Domesticates
419,Chromosome1(NC_044371.1),62820001,62830000,1,5.61E-06,Domesticates
420,Chromosome1(NC_044371.1),65230001,65240000,1,3.64E-06,Domesticates
421,Chromosome1(NC_044371.1),67850001,67860000,3,7.42E-05,Domesticates
422,Chromosome1(NC_044371.1),68000001,68010000,1,2.10E-05,Domesticates
423,Chromosome1(NC_044371.1),76100001,76110000,1,1.76E-06,Domesticates
424,Chromosome1(NC_044371.1),79630001,79640000,1,2.57E-05,Domesticates
425,Chromosome1(NC_044371.1),80940001,80950000,1,1.15E-06,Domesticates
426,Chromosome1(NC_044371.1),81120001,81130000,1,2.56E-05,Domesticates
427,Chromosome1(NC_044371.1),81200001,81210000,1,1.89E-06,Domesticates
428,Chromosome1(NC_044371.1),81260001,81270000,2,5.35E-06,Domesticates
429,Chromosome1(NC_044371.1),81310001,81320000,1,1.37E-06,Domesticates
430,Chromosome1(NC_044371.1),81520001,81530000,1,2.20E-05,Domesticates
431,Chromosome1(NC_044371.1),81990001,82000000,1,1.90E-05,Domesticates
432,Chromosome1(NC_044371.1),82460001,82470000,1,2.35E-05,Domesticates
433,Chromosome1(NC_044371.1),84560001,84570000,1,2.94E-05,Domesticates
434,Chromosome1(NC_044371.1),85130001,85140000,1,5.74E-06,Domesticates
435,Chromosome1(NC_044371.1),88290001,88300000,1,8.38E-06,Domesticates
436,Chromosome1(NC_044371.1),88310001,88320000,1,8.57E-07,Domesticates
437,Chromosome1(NC_044371.1),88820001,88830000,2,4.88E-05,Domesticates
438,Chromosome1(NC_044371.1),89040001,89050000,1,2.86E-05,Domesticates
439,Chromosome1(NC_044371.1),89320001,89330000,1,3.70E-06,Domesticates
440,Chromosome1(NC_044371.1),89360001,89370000,1,1.33E-05,Domesticates
441,Chromosome1(NC_044371.1),89370001,89380000,1,1.30E-05,Domesticates
442,Chromosome1(NC_044371.1),90080001,90090000,1,6.82E-06,Domesticates
443,Chromosome1(NC_044371.1),90490001,90500000,1,1.49E-06,Domesticates
444,Chromosome1(NC_044371.1),90880001,90890000,1,1.11E-05,Domesticates
445,Chromosome1(NC_044371.1),94190001,94200000,1,3.64E-06,Domesticates
446,Chromosome1(NC_044371.1),98350001,98360000,1,3.07E-06,Domesticates
447,Chromosome1(NC_044371.1),98470001,98480000,1,4.75E-07,Domesticates
448,Chromosome1(NC_044371.1),98900001,98910000,1,1.15E-06,Domesticates
449,Chromosome1(NC_044371.1),99310001,99320000,1,4.75E-06,Domesticates
450,Chromosome1(NC_044371.1),99370001,99380000,1,2.59E-05,Domesticates
451,Chromosome1(NC_044371.1),99910001,99920000,1,1.42E-06,Domesticates
452,Chromosome1(NC_044371.1),100860001,100870000,1,2.44E-06,Domesticates
453,Chromosome2(NC_044375.1),50001,60000,1,1.35E-06,Domesticates
454,Chromosome2(NC_044375.1),1680001,1690000,1,1.42E-06,Domesticates
455,Chromosome2(NC_044375.1),4780001,4790000,2,2.16E-05,Domesticates
456,Chromosome2(NC_044375.1),4810001,4820000,1,6.06E-06,Domesticates
457,Chromosome2(NC_044375.1),5700001,5710000,1,7.66E-06,Domesticates
458,Chromosome2(NC_044375.1),6530001,6540000,1,1.25E-06,Domesticates
459,Chromosome2(NC_044375.1),7620001,7630000,1,4.24E-06,Domesticates
460,Chromosome2(NC_044375.1),7740001,7750000,1,1.44E-06,Domesticates
461,Chromosome2(NC_044375.1),9950001,9960000,1,1.09E-06,Domesticates
462,Chromosome2(NC_044375.1),11680001,11690000,3,8.36E-05,Domesticates
463,Chromosome2(NC_044375.1),14060001,14070000,3,9.18E-05,Domesticates
464,Chromosome2(NC_044375.1),14920001,14930000,1,2.94E-05,Domesticates
465,Chromosome2(NC_044375.1),18060001,18070000,1,4.58E-06,Domesticates
466,Chromosome2(NC_044375.1),18140001,18150000,1,2.07E-05,Domesticates
467,Chromosome2(NC_044375.1),18390001,18400000,1,1.26E-06,Domesticates
468,Chromosome2(NC_044375.1),22560001,22570000,1,1.09E-06,Domesticates
469,Chromosome2(NC_044375.1),23270001,23280000,1,1.78E-05,Domesticates
470,Chromosome2(NC_044375.1),24500001,24510000,1,4.51E-06,Domesticates
471,Chromosome2(NC_044375.1),26570001,26580000,1,1.11E-06,Domesticates
472,Chromosome2(NC_044375.1),27490001,27500000,1,1.81E-05,Domesticates
473,Chromosome2(NC_044375.1),27710001,27720000,3,2.88E-05,Domesticates
474,Chromosome2(NC_044375.1),27970001,27980000,2,2.27E-06,Domesticates
475,Chromosome2(NC_044375.1),28860001,28870000,1,1.39E-05,Domesticates
476,Chromosome2(NC_044375.1),30690001,30700000,1,2.52E-05,Domesticates
477,Chromosome2(NC_044375.1),31750001,31760000,2,3.55E-06,Domesticates
478,Chromosome2(NC_044375.1),37850001,37860000,2,2.55E-05,Domesticates
479,Chromosome2(NC_044375.1),38060001,38070000,1,2.22E-05,Domesticates
480,Chromosome2(NC_044375.1),38090001,38100000,1,7.52E-07,Domesticates
481,Chromosome2(NC_044375.1),39330001,39340000,1,1.58E-06,Domesticates
482,Chromosome2(NC_044375.1),41320001,41330000,1,2.71E-05,Domesticates
483,Chromosome2(NC_044375.1),41420001,41430000,2,2.91E-05,Domesticates
484,Chromosome2(NC_044375.1),45620001,45630000,1,3.72E-06,Domesticates
485,Chromosome2(NC_044375.1),46770001,46780000,1,5.87E-06,Domesticates
486,Chromosome2(NC_044375.1),47960001,47970000,1,1.09E-06,Domesticates
487,Chromosome2(NC_044375.1),48370001,48380000,2,5.72E-06,Domesticates
488,Chromosome2(NC_044375.1),48570001,48580000,2,5.55E-06,Domesticates
489,Chromosome2(NC_044375.1),49000001,49010000,1,5.16E-07,Domesticates
490,Chromosome2(NC_044375.1),49080001,49090000,1,6.75E-06,Domesticates
491,Chromosome2(NC_044375.1),50170001,50180000,1,4.46E-06,Domesticates
492,Chromosome2(NC_044375.1),55100001,55110000,2,1.04E-06,Domesticates
493,Chromosome2(NC_044375.1),55120001,55130000,2,6.46E-06,Domesticates
494,Chromosome2(NC_044375.1),66810001,66820000,1,5.24E-06,Domesticates
495,Chromosome2(NC_044375.1),66820001,66830000,2,4.73E-05,Domesticates
496,Chromosome2(NC_044375.1),67760001,67770000,3,3.69E-05,Domesticates
497,Chromosome2(NC_044375.1),69750001,69760000,1,1.47E-05,Domesticates
498,Chromosome2(NC_044375.1),73280001,73290000,1,9.70E-07,Domesticates
499,Chromosome2(NC_044375.1),75370001,75380000,1,5.02E-07,Domesticates
500,Chromosome2(NC_044375.1),77900001,77910000,3,3.31E-05,Domesticates
501,Chromosome2(NC_044375.1),77960001,77970000,1,5.62E-06,Domesticates
502,Chromosome2(NC_044375.1),78670001,78680000,1,5.53E-06,Domesticates
503,Chromosome2(NC_044375.1),79320001,79330000,1,1.23E-05,Domesticates
504,Chromosome2(NC_044375.1),79880001,79890000,1,2.67E-05,Domesticates
505,Chromosome2(NC_044375.1),80580001,80590000,1,2.73E-06,Domesticates
506,Chromosome2(NC_044375.1),80760001,80770000,1,9.10E-07,Domesticates
507,Chromosome2(NC_044375.1),82200001,82210000,1,1.31E-05,Domesticates
508,Chromosome2(NC_044375.1),82410001,82420000,1,8.04E-07,Domesticates
509,Chromosome2(NC_044375.1),82520001,82530000,1,4.41E-06,Domesticates
510,Chromosome2(NC_044375.1),84760001,84770000,1,7.86E-07,Domesticates
511,Chromosome2(NC_044375.1),85120001,85130000,1,2.94E-06,Domesticates
512,Chromosome2(NC_044375.1),85310001,85320000,1,1.03E-06,Domesticates
513,Chromosome2(NC_044375.1),87040001,87050000,1,2.21E-05,Domesticates
514,Chromosome2(NC_044375.1),87110001,87120000,1,1.51E-05,Domesticates
515,Chromosome2(NC_044375.1),87180001,87190000,1,1.46E-05,Domesticates
516,Chromosome2(NC_044375.1),87200001,87210000,1,2.84E-05,Domesticates
517,Chromosome2(NC_044375.1),87210001,87220000,1,9.94E-06,Domesticates
518,Chromosome2(NC_044375.1),87270001,87280000,1,2.10E-05,Domesticates
519,Chromosome2(NC_044375.1),87330001,87340000,1,2.79E-05,Domesticates
520,Chromosome2(NC_044375.1),90060001,90070000,2,1.71E-06,Domesticates
521,Chromosome2(NC_044375.1),90510001,90520000,1,2.68E-05,Domesticates
522,Chromosome2(NC_044375.1),90750001,90760000,1,2.94E-05,Domesticates
523,Chromosome2(NC_044375.1),91060001,91070000,1,1.30E-05,Domesticates
524,Chromosome2(NC_044375.1),91480001,91490000,2,4.82E-06,Domesticates
525,Chromosome2(NC_044375.1),92750001,92760000,2,1.11E-05,Domesticates
526,Chromosome3(NC_044372.1),670001,680000,1,2.66E-05,Domesticates
527,Chromosome3(NC_044372.1),3770001,3780000,1,6.99E-07,Domesticates
528,Chromosome3(NC_044372.1),4210001,4220000,1,1.35E-06,Domesticates
529,Chromosome3(NC_044372.1),5320001,5330000,3,4.64E-05,Domesticates
530,Chromosome3(NC_044372.1),5440001,5450000,1,1.23E-05,Domesticates
531,Chromosome3(NC_044372.1),8260001,8270000,1,3.20E-06,Domesticates
532,Chromosome3(NC_044372.1),8670001,8680000,2,1.39E-06,Domesticates
533,Chromosome3(NC_044372.1),9750001,9760000,2,9.08E-07,Domesticates
534,Chromosome3(NC_044372.1),10620001,10630000,1,2.24E-06,Domesticates
535,Chromosome3(NC_044372.1),11420001,11430000,1,1.69E-06,Domesticates
536,Chromosome3(NC_044372.1),11530001,11540000,1,2.53E-05,Domesticates
537,Chromosome3(NC_044372.1),12290001,12300000,1,1.03E-06,Domesticates
538,Chromosome3(NC_044372.1),13100001,13110000,2,8.83E-06,Domesticates
539,Chromosome3(NC_044372.1),13900001,13910000,1,1.02E-05,Domesticates
540,Chromosome3(NC_044372.1),13970001,13980000,3,4.35E-05,Domesticates
541,Chromosome3(NC_044372.1),14480001,14490000,1,2.58E-05,Domesticates
542,Chromosome3(NC_044372.1),17900001,17910000,1,1.14E-05,Domesticates
543,Chromosome3(NC_044372.1),19190001,19200000,1,1.25E-06,Domesticates
544,Chromosome3(NC_044372.1),20430001,20440000,1,6.66E-06,Domesticates
545,Chromosome3(NC_044372.1),20490001,20500000,1,6.81E-07,Domesticates
546,Chromosome3(NC_044372.1),22890001,22900000,1,1.39E-06,Domesticates
547,Chromosome3(NC_044372.1),24300001,24310000,1,2.65E-06,Domesticates
548,Chromosome3(NC_044372.1),25150001,25160000,1,5.28E-06,Domesticates
549,Chromosome3(NC_044372.1),27470001,27480000,1,2.23E-05,Domesticates
550,Chromosome3(NC_044372.1),27580001,27590000,1,4.29E-06,Domesticates
551,Chromosome3(NC_044372.1),27680001,27690000,1,1.59E-06,Domesticates
552,Chromosome3(NC_044372.1),28390001,28400000,1,2.16E-06,Domesticates
553,Chromosome3(NC_044372.1),29920001,29930000,1,1.95E-06,Domesticates
554,Chromosome3(NC_044372.1),30140001,30150000,1,9.29E-07,Domesticates
555,Chromosome3(NC_044372.1),32100001,32110000,1,4.36E-06,Domesticates
556,Chromosome3(NC_044372.1),35540001,35550000,1,1.03E-05,Domesticates
557,Chromosome3(NC_044372.1),36190001,36200000,1,1.77E-06,Domesticates
558,Chromosome3(NC_044372.1),36940001,36950000,2,9.00E-06,Domesticates
559,Chromosome3(NC_044372.1),45200001,45210000,1,1.13E-05,Domesticates
560,Chromosome3(NC_044372.1),54410001,54420000,1,9.09E-06,Domesticates
561,Chromosome3(NC_044372.1),56580001,56590000,1,1.68E-06,Domesticates
562,Chromosome3(NC_044372.1),59050001,59060000,1,4.09E-06,Domesticates
563,Chromosome3(NC_044372.1),60150001,60160000,1,6.69E-07,Domesticates
564,Chromosome3(NC_044372.1),61900001,61910000,1,2.51E-05,Domesticates
565,Chromosome3(NC_044372.1),62470001,62480000,1,8.98E-06,Domesticates
566,Chromosome3(NC_044372.1),63370001,63380000,1,4.88E-07,Domesticates
567,Chromosome3(NC_044372.1),63760001,63770000,1,5.03E-07,Domesticates
568,Chromosome3(NC_044372.1),66450001,66460000,1,6.14E-06,Domesticates
569,Chromosome3(NC_044372.1),67300001,67310000,1,9.77E-06,Domesticates
570,Chromosome3(NC_044372.1),67310001,67320000,2,1.78E-05,Domesticates
571,Chromosome3(NC_044372.1),68550001,68560000,1,1.19E-06,Domesticates
572,Chromosome3(NC_044372.1),70430001,70440000,1,2.55E-05,Domesticates
573,Chromosome3(NC_044372.1),72600001,72610000,1,3.75E-06,Domesticates
574,Chromosome3(NC_044372.1),75840001,75850000,2,4.57E-05,Domesticates
575,Chromosome3(NC_044372.1),78970001,78980000,1,2.82E-06,Domesticates
576,Chromosome3(NC_044372.1),80220001,80230000,2,1.35E-06,Domesticates
577,Chromosome3(NC_044372.1),81070001,81080000,1,4.98E-06,Domesticates
578,Chromosome3(NC_044372.1),82510001,82520000,1,6.66E-07,Domesticates
579,Chromosome3(NC_044372.1),82560001,82570000,2,2.58E-05,Domesticates
580,Chromosome3(NC_044372.1),82970001,82980000,1,2.71E-05,Domesticates
581,Chromosome3(NC_044372.1),84670001,84680000,1,9.12E-07,Domesticates
582,Chromosome3(NC_044372.1),85240001,85250000,1,2.43E-06,Domesticates
583,Chromosome3(NC_044372.1),91400001,91410000,3,5.86E-05,Domesticates
584,Chromosome4(NC_044373.1),1420001,1430000,1,2.68E-05,Domesticates
585,Chromosome4(NC_044373.1),3070001,3080000,1,9.84E-07,Domesticates
586,Chromosome4(NC_044373.1),4030001,4040000,1,9.10E-06,Domesticates
587,Chromosome4(NC_044373.1),8070001,8080000,1,2.18E-05,Domesticates
588,Chromosome4(NC_044373.1),11690001,11700000,1,1.38E-05,Domesticates
589,Chromosome4(NC_044373.1),15370001,15380000,1,1.14E-05,Domesticates
590,Chromosome4(NC_044373.1),15630001,15640000,3,3.23E-05,Domesticates
591,Chromosome4(NC_044373.1),16630001,16640000,1,1.25E-05,Domesticates
592,Chromosome4(NC_044373.1),18100001,18110000,1,1.42E-05,Domesticates
593,Chromosome4(NC_044373.1),19560001,19570000,1,2.37E-06,Domesticates
594,Chromosome4(NC_044373.1),20120001,20130000,2,4.34E-06,Domesticates
595,Chromosome4(NC_044373.1),25500001,25510000,1,4.95E-06,Domesticates
596,Chromosome4(NC_044373.1),26240001,26250000,2,4.13E-05,Domesticates
597,Chromosome4(NC_044373.1),27060001,27070000,1,1.53E-05,Domesticates
598,Chromosome4(NC_044373.1),28100001,28110000,1,1.12E-05,Domesticates
599,Chromosome4(NC_044373.1),29250001,29260000,1,2.28E-05,Domesticates
600,Chromosome4(NC_044373.1),29520001,29530000,2,3.83E-06,Domesticates
601,Chromosome4(NC_044373.1),29640001,29650000,1,1.01E-05,Domesticates
602,Chromosome4(NC_044373.1),32640001,32650000,1,1.83E-05,Domesticates
603,Chromosome4(NC_044373.1),32710001,32720000,1,2.03E-06,Domesticates
604,Chromosome4(NC_044373.1),32810001,32820000,1,2.53E-05,Domesticates
605,Chromosome4(NC_044373.1),34960001,34970000,1,8.76E-07,Domesticates
606,Chromosome4(NC_044373.1),35330001,35340000,1,1.53E-06,Domesticates
607,Chromosome4(NC_044373.1),36530001,36540000,2,4.23E-05,Domesticates
608,Chromosome4(NC_044373.1),37470001,37480000,1,1.12E-05,Domesticates
609,Chromosome4(NC_044373.1),37730001,37740000,1,1.48E-06,Domesticates
610,Chromosome4(NC_044373.1),38290001,38300000,1,1.20E-05,Domesticates
611,Chromosome4(NC_044373.1),38480001,38490000,2,3.09E-05,Domesticates
612,Chromosome4(NC_044373.1),38560001,38570000,1,2.21E-05,Domesticates
613,Chromosome4(NC_044373.1),39010001,39020000,3,2.91E-05,Domesticates
614,Chromosome4(NC_044373.1),44240001,44250000,1,2.81E-05,Domesticates
615,Chromosome4(NC_044373.1),44350001,44360000,1,7.34E-07,Domesticates
616,Chromosome4(NC_044373.1),46070001,46080000,1,1.85E-05,Domesticates
617,Chromosome4(NC_044373.1),47590001,47600000,1,1.14E-05,Domesticates
618,Chromosome4(NC_044373.1),53110001,53120000,1,1.69E-05,Domesticates
619,Chromosome4(NC_044373.1),54400001,54410000,1,1.37E-05,Domesticates
620,Chromosome4(NC_044373.1),54410001,54420000,1,1.38E-05,Domesticates
621,Chromosome4(NC_044373.1),54920001,54930000,1,8.04E-06,Domesticates
622,Chromosome4(NC_044373.1),55920001,55930000,1,2.13E-05,Domesticates
623,Chromosome4(NC_044373.1),56430001,56440000,1,1.91E-05,Domesticates
624,Chromosome4(NC_044373.1),56560001,56570000,1,1.09E-05,Domesticates
625,Chromosome4(NC_044373.1),58760001,58770000,1,1.80E-05,Domesticates
626,Chromosome4(NC_044373.1),62810001,62820000,3,2.39E-05,Domesticates
627,Chromosome4(NC_044373.1),63850001,63860000,1,1.11E-05,Domesticates
628,Chromosome4(NC_044373.1),65410001,65420000,3,5.90E-05,Domesticates
629,Chromosome4(NC_044373.1),65440001,65450000,1,2.01E-05,Domesticates
630,Chromosome4(NC_044373.1),66180001,66190000,1,5.03E-07,Domesticates
631,Chromosome4(NC_044373.1),67420001,67430000,1,1.64E-05,Domesticates
632,Chromosome4(NC_044373.1),68030001,68040000,3,1.74E-05,Domesticates
633,Chromosome4(NC_044373.1),68090001,68100000,1,1.94E-06,Domesticates
634,Chromosome4(NC_044373.1),70060001,70070000,2,3.85E-05,Domesticates
635,Chromosome4(NC_044373.1),71460001,71470000,1,1.11E-05,Domesticates
636,Chromosome4(NC_044373.1),72940001,72950000,1,6.10E-06,Domesticates
637,Chromosome4(NC_044373.1),73520001,73530000,1,2.88E-06,Domesticates
638,Chromosome4(NC_044373.1),76020001,76030000,1,6.54E-06,Domesticates
639,Chromosome4(NC_044373.1),76060001,76070000,2,3.68E-05,Domesticates
640,Chromosome4(NC_044373.1),76380001,76390000,1,1.08E-05,Domesticates
641,Chromosome4(NC_044373.1),76620001,76630000,3,3.43E-05,Domesticates
642,Chromosome4(NC_044373.1),77010001,77020000,1,4.50E-06,Domesticates
643,Chromosome4(NC_044373.1),79040001,79050000,1,1.72E-05,Domesticates
644,Chromosome4(NC_044373.1),80100001,80110000,1,5.02E-07,Domesticates
645,Chromosome4(NC_044373.1),81150001,81160000,1,2.57E-05,Domesticates
646,Chromosome4(NC_044373.1),81170001,81180000,2,5.02E-05,Domesticates
647,Chromosome4(NC_044373.1),82230001,82240000,1,1.85E-05,Domesticates
648,Chromosome4(NC_044373.1),82320001,82330000,1,6.56E-06,Domesticates
649,Chromosome4(NC_044373.1),82610001,82620000,1,2.51E-05,Domesticates
650,Chromosome4(NC_044373.1),82940001,82950000,1,4.01E-06,Domesticates
651,Chromosome4(NC_044373.1),83350001,83360000,1,1.12E-05,Domesticates
652,Chromosome4(NC_044373.1),83620001,83630000,2,6.43E-06,Domesticates
653,Chromosome4(NC_044373.1),84010001,84020000,1,2.68E-05,Domesticates
654,Chromosome4(NC_044373.1),86020001,86030000,1,1.63E-06,Domesticates
655,Chromosome4(NC_044373.1),88200001,88210000,1,8.14E-06,Domesticates
656,Chromosome4(NC_044373.1),88800001,88810000,1,8.18E-06,Domesticates
657,Chromosome4(NC_044373.1),89710001,89720000,1,1.03E-05,Domesticates
658,Chromosome4(NC_044373.1),89780001,89790000,1,2.72E-05,Domesticates
659,Chromosome4(NC_044373.1),91720001,91730000,1,2.30E-06,Domesticates
660,Chromosome4(NC_044373.1),91750001,91760000,1,1.54E-06,Domesticates
661,Chromosome4(NC_044373.1),91760001,91770000,1,1.66E-05,Domesticates
662,Chromosome5(NC_044374.1),260001,270000,1,1.19E-05,Domesticates
663,Chromosome5(NC_044374.1),1150001,1160000,1,2.38E-05,Domesticates
664,Chromosome5(NC_044374.1),2430001,2440000,2,2.05E-05,Domesticates
665,Chromosome5(NC_044374.1),2550001,2560000,1,2.95E-05,Domesticates
666,Chromosome5(NC_044374.1),2580001,2590000,1,9.11E-07,Domesticates
667,Chromosome5(NC_044374.1),3710001,3720000,1,1.69E-06,Domesticates
668,Chromosome5(NC_044374.1),5120001,5130000,1,8.02E-06,Domesticates
669,Chromosome5(NC_044374.1),7770001,7780000,3,2.28E-05,Domesticates
670,Chromosome5(NC_044374.1),7810001,7820000,1,6.01E-06,Domesticates
671,Chromosome5(NC_044374.1),9110001,9120000,1,1.03E-06,Domesticates
672,Chromosome5(NC_044374.1),10100001,10110000,1,1.73E-05,Domesticates
673,Chromosome5(NC_044374.1),10520001,10530000,1,2.04E-06,Domesticates
674,Chromosome5(NC_044374.1),12210001,12220000,2,6.59E-06,Domesticates
675,Chromosome5(NC_044374.1),12810001,12820000,1,2.38E-06,Domesticates
676,Chromosome5(NC_044374.1),12830001,12840000,1,2.44E-05,Domesticates
677,Chromosome5(NC_044374.1),20120001,20130000,1,1.70E-05,Domesticates
678,Chromosome5(NC_044374.1),30630001,30640000,1,2.03E-06,Domesticates
679,Chromosome5(NC_044374.1),32670001,32680000,1,1.76E-05,Domesticates
680,Chromosome5(NC_044374.1),33240001,33250000,2,3.86E-05,Domesticates
681,Chromosome5(NC_044374.1),38910001,38920000,1,2.27E-06,Domesticates
682,Chromosome5(NC_044374.1),46970001,46980000,1,2.69E-06,Domesticates
683,Chromosome5(NC_044374.1),47960001,47970000,1,9.22E-06,Domesticates
684,Chromosome5(NC_044374.1),51040001,51050000,2,1.29E-06,Domesticates
685,Chromosome5(NC_044374.1),51120001,51130000,1,5.44E-07,Domesticates
686,Chromosome5(NC_044374.1),53040001,53050000,2,2.90E-05,Domesticates
687,Chromosome5(NC_044374.1),55480001,55490000,1,6.69E-07,Domesticates
688,Chromosome5(NC_044374.1),61490001,61500000,1,5.88E-07,Domesticates
689,Chromosome5(NC_044374.1),62170001,62180000,1,1.59E-05,Domesticates
690,Chromosome5(NC_044374.1),62490001,62500000,1,1.55E-06,Domesticates
691,Chromosome5(NC_044374.1),64030001,64040000,1,8.32E-06,Domesticates
692,Chromosome5(NC_044374.1),65110001,65120000,1,1.71E-05,Domesticates
693,Chromosome5(NC_044374.1),66010001,66020000,1,7.52E-07,Domesticates
694,Chromosome5(NC_044374.1),66150001,66160000,1,5.17E-07,Domesticates
695,Chromosome5(NC_044374.1),69800001,69810000,1,5.32E-06,Domesticates
696,Chromosome5(NC_044374.1),70020001,70030000,1,4.57E-06,Domesticates
697,Chromosome5(NC_044374.1),71290001,71300000,1,1.09E-05,Domesticates
698,Chromosome5(NC_044374.1),73200001,73210000,1,2.65E-05,Domesticates
699,Chromosome5(NC_044374.1),73210001,73220000,1,2.63E-05,Domesticates
700,Chromosome5(NC_044374.1),73920001,73930000,1,9.43E-06,Domesticates
701,Chromosome5(NC_044374.1),74930001,74940000,1,2.91E-06,Domesticates
702,Chromosome5(NC_044374.1),75090001,75100000,5,6.51E-06,Domesticates
703,Chromosome5(NC_044374.1),75310001,75320000,1,1.01E-06,Domesticates
704,Chromosome5(NC_044374.1),77690001,77700000,2,1.15E-05,Domesticates
705,Chromosome5(NC_044374.1),78090001,78100000,1,1.37E-06,Domesticates
706,Chromosome5(NC_044374.1),78570001,78580000,1,1.28E-06,Domesticates
707,Chromosome5(NC_044374.1),81440001,81450000,1,1.41E-05,Domesticates
708,Chromosome5(NC_044374.1),81450001,81460000,1,5.58E-07,Domesticates
709,Chromosome5(NC_044374.1),82990001,83000000,1,6.24E-06,Domesticates
710,Chromosome5(NC_044374.1),83500001,83510000,1,2.28E-05,Domesticates
711,Chromosome5(NC_044374.1),83940001,83950000,1,1.01E-05,Domesticates
712,Chromosome5(NC_044374.1),84410001,84420000,4,6.96E-05,Domesticates
713,Chromosome5(NC_044374.1),85950001,85960000,1,6.52E-06,Domesticates
714,Chromosome5(NC_044374.1),86050001,86060000,1,9.51E-07,Domesticates
715,Chromosome5(NC_044374.1),86810001,86820000,3,5.71E-05,Domesticates
716,Chromosome6(NC_044377.1),490001,500000,1,2.81E-05,Domesticates
717,Chromosome6(NC_044377.1),720001,730000,1,8.55E-07,Domesticates
718,Chromosome6(NC_044377.1),2230001,2240000,3,4.16E-05,Domesticates
719,Chromosome6(NC_044377.1),4190001,4200000,1,9.53E-06,Domesticates
720,Chromosome6(NC_044377.1),5700001,5710000,1,1.35E-06,Domesticates
721,Chromosome6(NC_044377.1),6390001,6400000,1,1.28E-05,Domesticates
722,Chromosome6(NC_044377.1),6760001,6770000,1,1.89E-05,Domesticates
723,Chromosome6(NC_044377.1),7080001,7090000,1,7.31E-07,Domesticates
724,Chromosome6(NC_044377.1),7120001,7130000,1,8.90E-07,Domesticates
725,Chromosome6(NC_044377.1),7340001,7350000,1,9.61E-06,Domesticates
726,Chromosome6(NC_044377.1),8860001,8870000,1,2.09E-06,Domesticates
727,Chromosome6(NC_044377.1),9170001,9180000,1,2.66E-05,Domesticates
728,Chromosome6(NC_044377.1),9350001,9360000,1,1.64E-06,Domesticates
729,Chromosome6(NC_044377.1),9470001,9480000,1,8.13E-06,Domesticates
730,Chromosome6(NC_044377.1),9930001,9940000,1,3.75E-06,Domesticates
731,Chromosome6(NC_044377.1),9970001,9980000,1,9.88E-06,Domesticates
732,Chromosome6(NC_044377.1),11060001,11070000,1,1.17E-05,Domesticates
733,Chromosome6(NC_044377.1),12100001,12110000,1,6.98E-06,Domesticates
734,Chromosome6(NC_044377.1),12990001,13000000,1,1.12E-05,Domesticates
735,Chromosome6(NC_044377.1),16700001,16710000,1,3.04E-06,Domesticates
736,Chromosome6(NC_044377.1),18640001,18650000,1,6.91E-06,Domesticates
737,Chromosome6(NC_044377.1),19080001,19090000,1,2.61E-05,Domesticates
738,Chromosome6(NC_044377.1),21800001,21810000,1,1.90E-06,Domesticates
739,Chromosome6(NC_044377.1),24410001,24420000,4,1.32E-05,Domesticates
740,Chromosome6(NC_044377.1),27580001,27590000,1,1.71E-06,Domesticates
741,Chromosome6(NC_044377.1),28990001,29000000,1,1.71E-06,Domesticates
742,Chromosome6(NC_044377.1),30640001,30650000,1,1.48E-05,Domesticates
743,Chromosome6(NC_044377.1),31610001,31620000,4,5.70E-05,Domesticates
744,Chromosome6(NC_044377.1),35680001,35690000,1,4.78E-06,Domesticates
745,Chromosome6(NC_044377.1),35750001,35760000,4,0.000112562,Domesticates
746,Chromosome6(NC_044377.1),37290001,37300000,1,1.81E-06,Domesticates
747,Chromosome6(NC_044377.1),37580001,37590000,1,5.73E-06,Domesticates
748,Chromosome6(NC_044377.1),44240001,44250000,1,1.88E-05,Domesticates
749,Chromosome6(NC_044377.1),46970001,46980000,1,6.79E-06,Domesticates
750,Chromosome6(NC_044377.1),47050001,47060000,1,1.99E-05,Domesticates
751,Chromosome6(NC_044377.1),47380001,47390000,1,1.50E-05,Domesticates
752,Chromosome6(NC_044377.1),47410001,47420000,1,1.76E-06,Domesticates
753,Chromosome6(NC_044377.1),49610001,49620000,1,2.11E-06,Domesticates
754,Chromosome6(NC_044377.1),50310001,50320000,1,1.76E-06,Domesticates
755,Chromosome6(NC_044377.1),50330001,50340000,2,2.62E-05,Domesticates
756,Chromosome6(NC_044377.1),50440001,50450000,1,6.27E-06,Domesticates
757,Chromosome6(NC_044377.1),51360001,51370000,1,4.18E-06,Domesticates
758,Chromosome6(NC_044377.1),51540001,51550000,1,1.35E-05,Domesticates
759,Chromosome6(NC_044377.1),53230001,53240000,1,2.18E-05,Domesticates
760,Chromosome6(NC_044377.1),54460001,54470000,1,6.41E-06,Domesticates
761,Chromosome6(NC_044377.1),55890001,55900000,1,1.57E-05,Domesticates
762,Chromosome6(NC_044377.1),57240001,57250000,1,9.86E-06,Domesticates
763,Chromosome6(NC_044377.1),57250001,57260000,1,5.76E-06,Domesticates
764,Chromosome6(NC_044377.1),58430001,58440000,1,5.18E-06,Domesticates
765,Chromosome6(NC_044377.1),59780001,59790000,1,2.14E-05,Domesticates
766,Chromosome6(NC_044377.1),61570001,61580000,2,3.41E-06,Domesticates
767,Chromosome6(NC_044377.1),63800001,63810000,1,2.00E-06,Domesticates
768,Chromosome6(NC_044377.1),64820001,64830000,1,1.69E-06,Domesticates
769,Chromosome6(NC_044377.1),64900001,64910000,1,7.90E-06,Domesticates
770,Chromosome6(NC_044377.1),64950001,64960000,4,3.61E-05,Domesticates
771,Chromosome6(NC_044377.1),66010001,66020000,1,1.69E-05,Domesticates
772,Chromosome6(NC_044377.1),66070001,66080000,1,4.66E-06,Domesticates
773,Chromosome6(NC_044377.1),66110001,66120000,2,3.15E-06,Domesticates
774,Chromosome6(NC_044377.1),66660001,66670000,1,2.85E-05,Domesticates
775,Chromosome6(NC_044377.1),66750001,66760000,1,1.83E-05,Domesticates
776,Chromosome6(NC_044377.1),69050001,69060000,1,8.98E-06,Domesticates
777,Chromosome6(NC_044377.1),72460001,72470000,1,1.26E-05,Domesticates
778,Chromosome6(NC_044377.1),73040001,73050000,1,3.69E-06,Domesticates
779,Chromosome6(NC_044377.1),73380001,73390000,1,5.32E-07,Domesticates
780,Chromosome6(NC_044377.1),74310001,74320000,1,5.25E-06,Domesticates
781,Chromosome6(NC_044377.1),75820001,75830000,2,1.45E-05,Domesticates
782,Chromosome6(NC_044377.1),76250001,76260000,1,2.18E-05,Domesticates
783,Chromosome6(NC_044377.1),79020001,79030000,1,2.71E-05,Domesticates
784,Chromosome7(NC_044378.1),500001,510000,5,8.13E-05,Domesticates
785,Chromosome7(NC_044378.1),740001,750000,1,5.44E-07,Domesticates
786,Chromosome7(NC_044378.1),3040001,3050000,1,1.74E-05,Domesticates
787,Chromosome7(NC_044378.1),6180001,6190000,2,2.56E-05,Domesticates
788,Chromosome7(NC_044378.1),6470001,6480000,1,1.16E-05,Domesticates
789,Chromosome7(NC_044378.1),8470001,8480000,1,2.38E-05,Domesticates
790,Chromosome7(NC_044378.1),8480001,8490000,1,9.68E-06,Domesticates
791,Chromosome7(NC_044378.1),8680001,8690000,1,4.38E-06,Domesticates
792,Chromosome7(NC_044378.1),9180001,9190000,1,3.71E-06,Domesticates
793,Chromosome7(NC_044378.1),12480001,12490000,2,1.60E-05,Domesticates
794,Chromosome7(NC_044378.1),13530001,13540000,1,4.95E-06,Domesticates
795,Chromosome7(NC_044378.1),18280001,18290000,1,1.84E-05,Domesticates
796,Chromosome7(NC_044378.1),26810001,26820000,1,3.38E-06,Domesticates
797,Chromosome7(NC_044378.1),27370001,27380000,1,7.70E-06,Domesticates
798,Chromosome7(NC_044378.1),31290001,31300000,1,2.20E-06,Domesticates
799,Chromosome7(NC_044378.1),31760001,31770000,1,4.61E-07,Domesticates
800,Chromosome7(NC_044378.1),33850001,33860000,1,2.84E-05,Domesticates
801,Chromosome7(NC_044378.1),34600001,34610000,5,2.17E-05,Domesticates
802,Chromosome7(NC_044378.1),35210001,35220000,4,6.11E-06,Domesticates
803,Chromosome7(NC_044378.1),36310001,36320000,3,1.29E-05,Domesticates
804,Chromosome7(NC_044378.1),37350001,37360000,1,3.27E-06,Domesticates
805,Chromosome7(NC_044378.1),38410001,38420000,1,9.96E-06,Domesticates
806,Chromosome7(NC_044378.1),39000001,39010000,1,3.42E-06,Domesticates
807,Chromosome7(NC_044378.1),39530001,39540000,1,1.19E-06,Domesticates
808,Chromosome7(NC_044378.1),40470001,40480000,1,2.00E-05,Domesticates
809,Chromosome7(NC_044378.1),49590001,49600000,1,1.15E-05,Domesticates
810,Chromosome7(NC_044378.1),49630001,49640000,1,1.11E-05,Domesticates
811,Chromosome7(NC_044378.1),51340001,51350000,1,3.96E-06,Domesticates
812,Chromosome7(NC_044378.1),52850001,52860000,1,3.93E-06,Domesticates
813,Chromosome7(NC_044378.1),62440001,62450000,2,1.31E-05,Domesticates
814,Chromosome7(NC_044378.1),65610001,65620000,1,8.19E-07,Domesticates
815,Chromosome7(NC_044378.1),68450001,68460000,3,5.56E-05,Domesticates
816,Chromosome7(NC_044378.1),70100001,70110000,2,1.51E-05,Domesticates
817,Chromosome8(NC_044379.1),1980001,1990000,1,2.07E-06,Domesticates
818,Chromosome8(NC_044379.1),6080001,6090000,1,2.00E-06,Domesticates
819,Chromosome8(NC_044379.1),11000001,11010000,1,5.87E-06,Domesticates
820,Chromosome8(NC_044379.1),11110001,11120000,1,1.17E-06,Domesticates
821,Chromosome8(NC_044379.1),16510001,16520000,1,1.26E-06,Domesticates
822,Chromosome8(NC_044379.1),16890001,16900000,1,3.67E-06,Domesticates
823,Chromosome8(NC_044379.1),22860001,22870000,1,2.01E-05,Domesticates
824,Chromosome8(NC_044379.1),23130001,23140000,1,9.13E-07,Domesticates
825,Chromosome8(NC_044379.1),24290001,24300000,1,1.96E-05,Domesticates
826,Chromosome8(NC_044379.1),24970001,24980000,1,1.56E-05,Domesticates
827,Chromosome8(NC_044379.1),25660001,25670000,1,1.09E-06,Domesticates
828,Chromosome8(NC_044379.1),25730001,25740000,1,1.44E-05,Domesticates
829,Chromosome8(NC_044379.1),25870001,25880000,1,4.47E-06,Domesticates
830,Chromosome8(NC_044379.1),27110001,27120000,2,2.96E-05,Domesticates
831,Chromosome8(NC_044379.1),27370001,27380000,1,7.58E-06,Domesticates
832,Chromosome8(NC_044379.1),27640001,27650000,1,2.58E-05,Domesticates
833,Chromosome8(NC_044379.1),28280001,28290000,1,1.42E-05,Domesticates
834,Chromosome8(NC_044379.1),28320001,28330000,1,9.47E-06,Domesticates
835,Chromosome8(NC_044379.1),28550001,28560000,1,6.55E-06,Domesticates
836,Chromosome8(NC_044379.1),29650001,29660000,1,2.62E-05,Domesticates
837,Chromosome8(NC_044379.1),30880001,30890000,1,1.26E-06,Domesticates
838,Chromosome8(NC_044379.1),30900001,30910000,1,2.71E-05,Domesticates
839,Chromosome8(NC_044379.1),31150001,31160000,1,1.71E-05,Domesticates
840,Chromosome8(NC_044379.1),31310001,31320000,1,1.42E-06,Domesticates
841,Chromosome8(NC_044379.1),31460001,31470000,1,2.27E-06,Domesticates
842,Chromosome8(NC_044379.1),31650001,31660000,1,1.35E-06,Domesticates
843,Chromosome8(NC_044379.1),31980001,31990000,3,2.31E-06,Domesticates
844,Chromosome8(NC_044379.1),32130001,32140000,1,2.77E-06,Domesticates
845,Chromosome8(NC_044379.1),32450001,32460000,1,3.19E-06,Domesticates
846,Chromosome8(NC_044379.1),32980001,32990000,1,2.63E-05,Domesticates
847,Chromosome8(NC_044379.1),33320001,33330000,1,1.65E-06,Domesticates
848,Chromosome8(NC_044379.1),33690001,33700000,1,6.05E-07,Domesticates
849,Chromosome8(NC_044379.1),35240001,35250000,1,7.01E-07,Domesticates
850,Chromosome8(NC_044379.1),35760001,35770000,3,4.05E-05,Domesticates
851,Chromosome8(NC_044379.1),37720001,37730000,1,2.19E-05,Domesticates
852,Chromosome8(NC_044379.1),38260001,38270000,1,1.10E-05,Domesticates
853,Chromosome8(NC_044379.1),38330001,38340000,1,1.38E-05,Domesticates
854,Chromosome8(NC_044379.1),38450001,38460000,1,2.82E-05,Domesticates
855,Chromosome8(NC_044379.1),38540001,38550000,2,5.70E-05,Domesticates
856,Chromosome8(NC_044379.1),39050001,39060000,1,2.84E-05,Domesticates
857,Chromosome8(NC_044379.1),39090001,39100000,1,3.94E-06,Domesticates
858,Chromosome8(NC_044379.1),39230001,39240000,3,5.87E-05,Domesticates
859,Chromosome8(NC_044379.1),41750001,41760000,2,1.24E-05,Domesticates
860,Chromosome8(NC_044379.1),41850001,41860000,1,4.89E-07,Domesticates
861,Chromosome8(NC_044379.1),42350001,42360000,4,4.17E-05,Domesticates
862,Chromosome8(NC_044379.1),42700001,42710000,2,1.01E-06,Domesticates
863,Chromosome8(NC_044379.1),42880001,42890000,1,2.84E-05,Domesticates
864,Chromosome8(NC_044379.1),43010001,43020000,1,1.30E-05,Domesticates
865,Chromosome8(NC_044379.1),43040001,43050000,1,2.48E-05,Domesticates
866,Chromosome8(NC_044379.1),43170001,43180000,1,2.54E-05,Domesticates
867,Chromosome8(NC_044379.1),43770001,43780000,1,3.04E-05,Domesticates
868,Chromosome8(NC_044379.1),44500001,44510000,1,9.61E-06,Domesticates
869,Chromosome8(NC_044379.1),46720001,46730000,1,6.52E-07,Domesticates
870,Chromosome8(NC_044379.1),47050001,47060000,1,5.60E-06,Domesticates
871,Chromosome8(NC_044379.1),49640001,49650000,1,2.38E-05,Domesticates
872,Chromosome8(NC_044379.1),50660001,50670000,1,1.76E-06,Domesticates
873,Chromosome8(NC_044379.1),52690001,52700000,1,2.94E-06,Domesticates
874,Chromosome8(NC_044379.1),52710001,52720000,1,9.69E-07,Domesticates
875,Chromosome8(NC_044379.1),53320001,53330000,1,7.94E-06,Domesticates
876,Chromosome8(NC_044379.1),53330001,53340000,1,2.03E-06,Domesticates
877,Chromosome8(NC_044379.1),53650001,53660000,1,1.87E-05,Domesticates
878,Chromosome8(NC_044379.1),54170001,54180000,1,7.49E-07,Domesticates
879,Chromosome8(NC_044379.1),54180001,54190000,1,2.91E-05,Domesticates
880,Chromosome8(NC_044379.1),55130001,55140000,1,1.28E-05,Domesticates
881,Chromosome8(NC_044379.1),55390001,55400000,1,1.68E-06,Domesticates
882,Chromosome8(NC_044379.1),55490001,55500000,2,2.95E-05,Domesticates
883,Chromosome8(NC_044379.1),55620001,55630000,1,1.86E-05,Domesticates
884,Chromosome8(NC_044379.1),55850001,55860000,3,7.04E-05,Domesticates
885,Chromosome8(NC_044379.1),56020001,56030000,1,1.03E-05,Domesticates
886,Chromosome8(NC_044379.1),56350001,56360000,3,2.67E-06,Domesticates
887,Chromosome8(NC_044379.1),56480001,56490000,1,6.23E-06,Domesticates
888,Chromosome8(NC_044379.1),56550001,56560000,1,1.09E-05,Domesticates
889,Chromosome8(NC_044379.1),56950001,56960000,1,5.73E-07,Domesticates
890,Chromosome8(NC_044379.1),57030001,57040000,1,1.48E-06,Domesticates
891,Chromosome8(NC_044379.1),59820001,59830000,1,1.57E-05,Domesticates
892,Chromosome8(NC_044379.1),64330001,64340000,1,1.34E-06,Domesticates
893,Chromosome9(NC_044376.1),1,10000,1,8.55E-07,Domesticates
894,Chromosome9(NC_044376.1),3620001,3630000,1,2.84E-05,Domesticates
895,Chromosome9(NC_044376.1),3670001,3680000,1,4.89E-07,Domesticates
896,Chromosome9(NC_044376.1),4190001,4200000,1,1.18E-05,Domesticates
897,Chromosome9(NC_044376.1),4230001,4240000,1,1.11E-06,Domesticates
898,Chromosome9(NC_044376.1),4310001,4320000,1,7.21E-06,Domesticates
899,Chromosome9(NC_044376.1),6970001,6980000,1,1.95E-06,Domesticates
900,Chromosome9(NC_044376.1),8430001,8440000,1,9.58E-06,Domesticates
901,Chromosome9(NC_044376.1),12090001,12100000,1,1.40E-05,Domesticates
902,Chromosome9(NC_044376.1),12170001,12180000,1,1.02E-05,Domesticates
903,Chromosome9(NC_044376.1),12970001,12980000,2,1.81E-05,Domesticates
904,Chromosome9(NC_044376.1),14840001,14850000,1,2.65E-05,Domesticates
905,Chromosome9(NC_044376.1),14860001,14870000,1,9.74E-06,Domesticates
906,Chromosome9(NC_044376.1),15490001,15500000,1,2.02E-06,Domesticates
907,Chromosome9(NC_044376.1),21790001,21800000,1,2.09E-06,Domesticates
908,Chromosome9(NC_044376.1),21950001,21960000,1,2.07E-05,Domesticates
909,Chromosome9(NC_044376.1),23070001,23080000,1,1.41E-05,Domesticates
910,Chromosome9(NC_044376.1),27270001,27280000,1,5.32E-07,Domesticates
911,Chromosome9(NC_044376.1),31840001,31850000,1,5.31E-07,Domesticates
912,Chromosome9(NC_044376.1),32300001,32310000,1,3.15E-06,Domesticates
913,Chromosome9(NC_044376.1),33080001,33090000,1,3.58E-06,Domesticates
914,Chromosome9(NC_044376.1),35520001,35530000,1,6.98E-07,Domesticates
915,Chromosome9(NC_044376.1),35560001,35570000,1,9.12E-06,Domesticates
916,Chromosome9(NC_044376.1),37100001,37110000,1,7.94E-06,Domesticates
917,Chromosome9(NC_044376.1),39770001,39780000,1,1.74E-06,Domesticates
918,Chromosome9(NC_044376.1),45630001,45640000,2,3.42E-06,Domesticates
919,Chromosome9(NC_044376.1),46040001,46050000,1,8.55E-07,Domesticates
920,Chromosome9(NC_044376.1),47120001,47130000,1,1.40E-05,Domesticates
921,Chromosome9(NC_044376.1),47180001,47190000,1,2.52E-06,Domesticates
922,Chromosome9(NC_044376.1),57330001,57340000,1,1.06E-05,Domesticates
923,Chromosome9(NC_044376.1),60530001,60540000,1,4.34E-07,Domesticates
924,Chromosome10(NC_044370.1),3460001,3470000,1,2.62E-05,Domesticates
925,Chromosome10(NC_044370.1),4540001,4550000,2,3.54E-05,Domesticates
926,Chromosome10(NC_044370.1),6580001,6590000,1,9.90E-06,Domesticates
927,Chromosome10(NC_044370.1),6840001,6850000,1,7.69E-07,Domesticates
928,Chromosome10(NC_044370.1),7260001,7270000,1,9.09E-07,Domesticates
929,Chromosome10(NC_044370.1),7430001,7440000,1,6.81E-06,Domesticates
930,Chromosome10(NC_044370.1),8210001,8220000,1,2.41E-06,Domesticates
931,Chromosome10(NC_044370.1),8900001,8910000,1,2.13E-05,Domesticates
932,Chromosome10(NC_044370.1),9200001,9210000,1,2.49E-05,Domesticates
933,Chromosome10(NC_044370.1),9220001,9230000,1,8.92E-07,Domesticates
934,Chromosome10(NC_044370.1),9320001,9330000,2,2.92E-06,Domesticates
935,Chromosome10(NC_044370.1),9700001,9710000,1,2.71E-05,Domesticates
936,Chromosome10(NC_044370.1),9930001,9940000,1,2.95E-05,Domesticates
937,Chromosome10(NC_044370.1),10600001,10610000,1,1.26E-06,Domesticates
938,Chromosome10(NC_044370.1),10940001,10950000,1,1.84E-06,Domesticates
939,Chromosome10(NC_044370.1),11200001,11210000,1,1.15E-06,Domesticates
940,Chromosome10(NC_044370.1),11230001,11240000,1,1.08E-06,Domesticates
941,Chromosome10(NC_044370.1),11400001,11410000,1,5.90E-07,Domesticates
942,Chromosome10(NC_044370.1),12890001,12900000,1,2.56E-05,Domesticates
943,Chromosome10(NC_044370.1),12900001,12910000,3,6.52E-05,Domesticates
944,Chromosome10(NC_044370.1),13130001,13140000,1,8.17E-07,Domesticates
945,Chromosome10(NC_044370.1),14020001,14030000,1,9.88E-07,Domesticates
946,Chromosome10(NC_044370.1),14150001,14160000,1,2.65E-05,Domesticates
947,Chromosome10(NC_044370.1),14730001,14740000,1,1.14E-05,Domesticates
948,Chromosome10(NC_044370.1),15190001,15200000,1,2.68E-05,Domesticates
949,Chromosome10(NC_044370.1),15470001,15480000,1,5.82E-06,Domesticates
950,Chromosome10(NC_044370.1),15820001,15830000,1,1.78E-05,Domesticates
951,Chromosome10(NC_044370.1),15910001,15920000,1,5.16E-07,Domesticates
952,Chromosome10(NC_044370.1),15970001,15980000,1,1.77E-05,Domesticates
953,Chromosome10(NC_044370.1),16910001,16920000,2,1.82E-05,Domesticates
954,Chromosome10(NC_044370.1),17490001,17500000,2,3.97E-05,Domesticates
955,Chromosome10(NC_044370.1),17570001,17580000,1,3.84E-06,Domesticates
956,Chromosome10(NC_044370.1),17830001,17840000,1,7.91E-06,Domesticates
957,Chromosome10(NC_044370.1),18120001,18130000,2,3.45E-05,Domesticates
958,Chromosome10(NC_044370.1),18180001,18190000,1,1.11E-06,Domesticates
959,Chromosome10(NC_044370.1),20510001,20520000,1,1.05E-05,Domesticates
960,Chromosome10(NC_044370.1),21720001,21730000,1,3.01E-05,Domesticates
961,Chromosome10(NC_044370.1),23190001,23200000,2,1.64E-06,Domesticates
962,Chromosome10(NC_044370.1),23270001,23280000,1,7.52E-07,Domesticates
963,Chromosome10(NC_044370.1),23860001,23870000,1,1.31E-05,Domesticates
964,Chromosome10(NC_044370.1),33860001,33870000,1,2.42E-05,Domesticates
965,Chromosome10(NC_044370.1),35680001,35690000,1,1.22E-05,Domesticates
966,Chromosome10(NC_044370.1),37170001,37180000,1,1.48E-05,Domesticates
967,Chromosome10(NC_044370.1),39830001,39840000,1,2.36E-06,Domesticates
968,Chromosome10(NC_044370.1),39960001,39970000,1,1.51E-05,Domesticates
969,Chromosome10(NC_044370.1),41080001,41090000,1,1.71E-05,Domesticates
970,Chromosome10(NC_044370.1),48560001,48570000,1,3.38E-06,Domesticates
971,Chromosome10(NC_044370.1),48940001,48950000,1,1.64E-05,Domesticates
972,Chromosome10(NC_044370.1),50840001,50850000,1,1.08E-05,Domesticates
973,Chromosome10(NC_044370.1),52530001,52540000,1,8.68E-06,Domesticates
974,Chromosome10(NC_044370.1),54480001,54490000,1,8.63E-06,Domesticates
975,Chromosome10(NC_044370.1),55110001,55120000,1,7.68E-06,Domesticates
976,Chromosome10(NC_044370.1),55520001,55530000,1,1.39E-05,Domesticates
977,Chromosome10(NC_044370.1),62590001,62600000,2,1.91E-05,Domesticates
978,Chromosome10(NC_044370.1),64710001,64720000,1,1.72E-05,Domesticates
979,Chromosome10(NC_044370.1),67750001,67760000,1,1.39E-06,Domesticates
980,Chromosome10(NC_044370.1),75980001,75990000,1,1.42E-06,Domesticates
981,Chromosome10(NC_044370.1),86690001,86700000,1,1.04E-05,Domesticates
982,Chromosome10(NC_044370.1),86700001,86710000,1,1.58E-06,Domesticates
983,Chromosome10(NC_044370.1),89490001,89500000,1,5.56E-06,Domesticates
984,Chromosome10(NC_044370.1),89540001,89550000,1,5.31E-06,Domesticates
985,Chromosome10(NC_044370.1),104100001,104110000,1,1.03E-06,Domesticates
986,Chromosome10(NC_044370.1),104550001,104560000,1,1.15E-06,Domesticates
987,Chromosome10(NC_044370.1),104570001,104580000,1,5.75E-06,Domesticates